id,name,url,parent_id,create_at
1,Điện Thoại - Máy Tính Bảng,https://tiki.vn/dien-thoai-may-tinh-bang/c1789?src=c.1789.hamburger_menu_fly_out_banner,,2020-10-03 03:42:03
2,Điện Tử - Điện Lạnh,https://tiki.vn/tivi-thiet-bi-nghe-nhin/c4221?src=c.4221.hamburger_menu_fly_out_banner,,2020-10-03 03:42:03
3,Phụ Kiện - Thiết Bị Số,https://tiki.vn/thiet-bi-kts-phu-kien-so/c1815?src=c.1815.hamburger_menu_fly_out_banner,,2020-10-03 03:42:03
4,Laptop - Thiết bị IT,https://tiki.vn/laptop-may-vi-tinh/c1846?src=c.1846.hamburger_menu_fly_out_banner,,2020-10-03 03:42:03
5,Máy Ảnh - Quay Phim,https://tiki.vn/may-anh/c1801?src=c.1801.hamburger_menu_fly_out_banner,,2020-10-03 03:42:03
6,Điện Gia Dụng,https://tiki.vn/dien-gia-dung/c1882?src=c.1882.hamburger_menu_fly_out_banner,,2020-10-03 03:42:03
7,Nhà Cửa Đời Sống,https://tiki.vn/nha-cua-doi-song/c1883?src=c.1883.hamburger_menu_fly_out_banner,,2020-10-03 03:42:03
8,Hàng Tiêu Dùng - Thực Phẩm,https://tiki.vn/bach-hoa-online/c4384?src=c.4384.hamburger_menu_fly_out_banner,,2020-10-03 03:42:03
9,"Đồ chơi, Mẹ & Bé",https://tiki.vn/me-va-be/c2549?src=c.2549.hamburger_menu_fly_out_banner,,2020-10-03 03:42:03
10,Làm Đẹp - Sức Khỏe,https://tiki.vn/lam-dep-suc-khoe/c1520?src=c.1520.hamburger_menu_fly_out_banner,,2020-10-03 03:42:03
11,Thời trang - Phụ kiện,https://tiki.vn/thoi-trang/c914?src=c.914.hamburger_menu_fly_out_banner,,2020-10-03 03:42:03
12,Thể Thao - Dã Ngoại,https://tiki.vn/the-thao/c1975?src=c.1975.hamburger_menu_fly_out_banner,,2020-10-03 03:42:03
13,"Xe Máy, Ô tô, Xe Đạp",https://tiki.vn/o-to-xe-may-xe-dap/c8594?src=c.8594.hamburger_menu_fly_out_banner,,2020-10-03 03:42:03
14,Hàng quốc tế,https://tiki.vn/hang-quoc-te/c17166?src=c.17166.hamburger_menu_fly_out_banner,,2020-10-03 03:42:03
15,"Sách, VPP & Quà Tặng",https://tiki.vn/nha-sach-tiki/c8322?src=c.8322.hamburger_menu_fly_out_banner,,2020-10-03 03:42:03
16,Voucher - Dịch Vụ - Thẻ Cào,https://tiki.vn/voucher-dich-vu/c11312?src=c.11312.hamburger_menu_fly_out_banner,,2020-10-03 03:42:03
17, Máy tính bảng (36) ,https://tiki.vn/may-tinh-bang/c1794?src=c.1789.hamburger_menu_fly_out_banner,1.0,2020-10-03 03:42:04
18, Máy đọc sách (30) ,https://tiki.vn/may-doc-sach/c28856?src=c.1789.hamburger_menu_fly_out_banner,1.0,2020-10-03 03:42:04
19, Điện thoại Smartphone (159) ,https://tiki.vn/dien-thoai-smartphone/c1795?src=c.1789.hamburger_menu_fly_out_banner,1.0,2020-10-03 03:42:04
20, Điện thoại bàn (97) ,https://tiki.vn/dien-thoai-ban/c8061?src=c.1789.hamburger_menu_fly_out_banner,1.0,2020-10-03 03:42:04
21, Điện thoại phổ thông (97) ,https://tiki.vn/dien-thoai-pho-thong/c1796?src=c.1789.hamburger_menu_fly_out_banner,1.0,2020-10-03 03:42:04
22, Máy giặt (752) ,https://tiki.vn/may-giat/c3862?src=c.4221.hamburger_menu_fly_out_banner,2.0,2020-10-03 03:42:10
23, Máy lạnh - Máy điều hòa (678) ,https://tiki.vn/may-lanh-may-dieu-hoa/c3865?src=c.4221.hamburger_menu_fly_out_banner,2.0,2020-10-03 03:42:10
24, Máy nước nóng (339) ,https://tiki.vn/may-nuoc-nong/c3866?src=c.4221.hamburger_menu_fly_out_banner,2.0,2020-10-03 03:42:10
25, Máy rửa chén (125) ,https://tiki.vn/may-rua-chen/c3864?src=c.4221.hamburger_menu_fly_out_banner,2.0,2020-10-03 03:42:10
26, Máy sấy quần áo (50) ,https://tiki.vn/may-say-quan-ao/c3863?src=c.4221.hamburger_menu_fly_out_banner,2.0,2020-10-03 03:42:10
27, Phụ kiện điện lạnh (285) ,https://tiki.vn/phu-kien-dien-lanh/c8074?src=c.4221.hamburger_menu_fly_out_banner,2.0,2020-10-03 03:42:10
28, Tivi (614) ,https://tiki.vn/tivi/c5015?src=c.4221.hamburger_menu_fly_out_banner,2.0,2020-10-03 03:42:10
29, Tủ lạnh (1002) ,https://tiki.vn/tu-lanh/c2328?src=c.4221.hamburger_menu_fly_out_banner,2.0,2020-10-03 03:42:10
30, Tủ đông - Tủ mát (568) ,https://tiki.vn/tu-dong-tu-mat/c3868?src=c.4221.hamburger_menu_fly_out_banner,2.0,2020-10-03 03:42:10
31, Tủ ướp rượu (35) ,https://tiki.vn/tu-uop-ruou/c3869?src=c.4221.hamburger_menu_fly_out_banner,2.0,2020-10-03 03:42:10
32, Âm thanh & Phụ kiện Tivi (2572) ,https://tiki.vn/am-thanh-phu-kien-tivi/c26568?src=c.4221.hamburger_menu_fly_out_banner,2.0,2020-10-03 03:42:10
33, Phụ Kiện Điện Thoại và Máy Tính Bảng (1109895) ,https://tiki.vn/phu-kien-dien-thoai-va-may-tinh-bang/c8214?src=c.1815.hamburger_menu_fly_out_banner,3.0,2020-10-03 03:42:58
34, Phụ kiện máy tính và Laptop (15815) ,https://tiki.vn/phu-kien-may-tinh-va-laptop/c28670?src=c.1815.hamburger_menu_fly_out_banner,3.0,2020-10-03 03:42:58
35, Thiết Bị Chơi Game và Phụ Kiện (1269) ,https://tiki.vn/thiet-bi-choi-game-va-phu-kien/c2667?src=c.1815.hamburger_menu_fly_out_banner,3.0,2020-10-03 03:42:58
36, Thiết Bị Thông Minh và Linh Kiện Điện Tử (1553) ,https://tiki.vn/thiet-bi-thong-minh-va-linh-kien-dien-tu/c28432?src=c.1815.hamburger_menu_fly_out_banner,3.0,2020-10-03 03:42:58
37, Thiết Bị Âm Thanh và Phụ Kiện (9304) ,https://tiki.vn/thiet-bi-am-thanh-va-phu-kien/c8215?src=c.1815.hamburger_menu_fly_out_banner,3.0,2020-10-03 03:42:58
38, Thiết Bị Đeo Thông Minh và Phụ Kiện (1909) ,https://tiki.vn/thiet-bi-deo-thong-minh-va-phu-kien/c8039?src=c.1815.hamburger_menu_fly_out_banner,3.0,2020-10-03 03:42:58
39, Laptop (620) ,https://tiki.vn/laptop/c8095?src=c.1846.hamburger_menu_fly_out_banner,4.0,2020-10-03 03:45:53
40, Linh Kiện Máy Tính - Phụ Kiện Máy Tính (6281) ,https://tiki.vn/linh-kien-may-tinh-phu-kien-may-tinh/c8129?src=c.1846.hamburger_menu_fly_out_banner,4.0,2020-10-03 03:45:53
41, PC - Máy Tính Bộ (263) ,https://tiki.vn/pc-may-tinh-bo/c8093?src=c.1846.hamburger_menu_fly_out_banner,4.0,2020-10-03 03:45:53
42, Thiết Bị Lưu Trữ (1296) ,https://tiki.vn/thiet-bi-luu-tru/c8060?src=c.1846.hamburger_menu_fly_out_banner,4.0,2020-10-03 03:45:53
43, Thiết Bị Mạng (1987) ,https://tiki.vn/thiet-bi-mang/c2663?src=c.1846.hamburger_menu_fly_out_banner,4.0,2020-10-03 03:45:53
44, Thiết Bị Văn Phòng - Thiết Bị Ngoại Vi (5639) ,https://tiki.vn/thiet-bi-van-phong-thiet-bi-ngoai-vi/c12884?src=c.1846.hamburger_menu_fly_out_banner,4.0,2020-10-03 03:45:53
45, Balo - Túi Đựng - Bao Da (709) ,https://tiki.vn/balo-tui-dung-bao-da/c1840?src=c.1801.hamburger_menu_fly_out_banner,5.0,2020-10-03 03:47:16
46, Camera Giám Sát (2821) ,https://tiki.vn/camera-giam-sat/c4077?src=c.1801.hamburger_menu_fly_out_banner,5.0,2020-10-03 03:47:16
47, Camera Hành Trình - Action Camera và Phụ Kiện (521) ,https://tiki.vn/camera-hanh-trinh-action-camera-va-phu-kien/c28834?src=c.1801.hamburger_menu_fly_out_banner,5.0,2020-10-03 03:47:16
48, Máy Bay Camera và Phụ Kiện (66) ,https://tiki.vn/may-bay-camera-va-phu-kien/c8047?src=c.1801.hamburger_menu_fly_out_banner,5.0,2020-10-03 03:47:16
49, Máy Ảnh (255) ,https://tiki.vn/may-anh/c28806?src=c.1801.hamburger_menu_fly_out_banner,5.0,2020-10-03 03:47:16
50," Phụ Kiện Máy Ảnh, Máy Quay (3452) ",https://tiki.vn/phu-kien-may-anh-may-quay/c1818?src=c.1801.hamburger_menu_fly_out_banner,5.0,2020-10-03 03:47:16
51, Thiết Bị Quay Phim (167) ,https://tiki.vn/thiet-bi-quay-phim/c28822?src=c.1801.hamburger_menu_fly_out_banner,5.0,2020-10-03 03:47:16
52, Thiết Bị Ánh Sáng (475) ,https://tiki.vn/thiet-bi-anh-sang/c28814?src=c.1801.hamburger_menu_fly_out_banner,5.0,2020-10-03 03:47:16
53, Ống Kính (Lens) (395) ,https://tiki.vn/ong-kinh-lens/c2757?src=c.1801.hamburger_menu_fly_out_banner,5.0,2020-10-03 03:47:16
54, Ống Kính - Ống Ngắm (325) ,https://tiki.vn/ong-kinh-ong-ngam/c28794?src=c.1801.hamburger_menu_fly_out_banner,5.0,2020-10-03 03:47:16
55, Thiết bị gia đình (8391) ,https://tiki.vn/thiet-bi-gia-dinh/c1946?src=c.1882.hamburger_menu_fly_out_banner,6.0,2020-10-03 03:48:20
56, Đồ dùng nhà bếp (9879) ,https://tiki.vn/do-dung-nha-bep/c1884?src=c.1882.hamburger_menu_fly_out_banner,6.0,2020-10-03 03:48:20
57, Bảo vệ nhà cửa (1891) ,https://tiki.vn/bao-ve-nha-cua/c23046?src=c.1883.hamburger_menu_fly_out_banner,7.0,2020-10-03 03:50:09
58," Dụng cụ diệt chuột, côn trùng (631) ",https://tiki.vn/dung-cu-diet-chuot-con-trung/c23004?src=c.1883.hamburger_menu_fly_out_banner,7.0,2020-10-03 03:50:09
59, Dụng cụ nhà bếp (28212) ,https://tiki.vn/nha-bep/c1951?src=c.1883.hamburger_menu_fly_out_banner,7.0,2020-10-03 03:50:09
60, Dụng cụ vệ sinh (1912) ,https://tiki.vn/dung-cu-ve-sinh/c23018?src=c.1883.hamburger_menu_fly_out_banner,7.0,2020-10-03 03:50:09
61, Hoa tươi và cây cảnh (1819) ,https://tiki.vn/hoa-tuoi-va-cay-canh/c18852?src=c.1883.hamburger_menu_fly_out_banner,7.0,2020-10-03 03:50:09
62, Ngoài trời & sân vườn (14233) ,https://tiki.vn/ngoai-troi-san-vuon/c2223?src=c.1883.hamburger_menu_fly_out_banner,7.0,2020-10-03 03:50:09
63, Nhạc cụ (2034) ,https://tiki.vn/nhac-cu/c10068?src=c.1883.hamburger_menu_fly_out_banner,7.0,2020-10-03 03:50:09
64, Nội thất (29624) ,https://tiki.vn/noi-that/c2150?src=c.1883.hamburger_menu_fly_out_banner,7.0,2020-10-03 03:50:09
65, Phụ kiện giặt ủi (680) ,https://tiki.vn/phu-kien-giat-ui/c23044?src=c.1883.hamburger_menu_fly_out_banner,7.0,2020-10-03 03:50:09
66, Pin và dụng cụ sạc pin (589) ,https://tiki.vn/pin-va-dung-cu-sac-pin/c23012?src=c.1883.hamburger_menu_fly_out_banner,7.0,2020-10-03 03:50:09
67, Sửa chữa nhà cửa (29272) ,https://tiki.vn/sua-chua-nha-cua/c1974?src=c.1883.hamburger_menu_fly_out_banner,7.0,2020-10-03 03:50:09
68, Thiết bị điều khiển thông minh (546) ,https://tiki.vn/thiet-bi-dieu-khien-thong-minh/c20492?src=c.1883.hamburger_menu_fly_out_banner,7.0,2020-10-03 03:50:09
69, Trang trí nhà cửa (83080) ,https://tiki.vn/trang-tri-nha-cua/c1973?src=c.1883.hamburger_menu_fly_out_banner,7.0,2020-10-03 03:50:09
70, Vật phẩm phong thủy (4773) ,https://tiki.vn/vat-pham-phong-thuy/c5848?src=c.1883.hamburger_menu_fly_out_banner,7.0,2020-10-03 03:50:09
71, Đèn & thiết bị chiếu sáng (12067) ,https://tiki.vn/den-thiet-bi-chieu-sang/c2015?src=c.1883.hamburger_menu_fly_out_banner,7.0,2020-10-03 03:50:09
72, Đồ dùng phòng ngủ (30087) ,https://tiki.vn/do-dung-phong-ngu/c8313?src=c.1883.hamburger_menu_fly_out_banner,7.0,2020-10-03 03:50:09
73, Đồ dùng phòng ăn (13548) ,https://tiki.vn/phong-an/c1954?src=c.1883.hamburger_menu_fly_out_banner,7.0,2020-10-03 03:50:09
74, Đồ dùng và thiết bị nhà tắm (12856) ,https://tiki.vn/do-dung-va-thiet-bi-nha-tam/c1966?src=c.1883.hamburger_menu_fly_out_banner,7.0,2020-10-03 03:50:09
75, Đồ thờ cúng (3123) ,https://tiki.vn/do-tho-cung/c23054?src=c.1883.hamburger_menu_fly_out_banner,7.0,2020-10-03 03:50:09
76, Ổ cắm điện (1216) ,https://tiki.vn/o-cam-dien/c2021?src=c.1883.hamburger_menu_fly_out_banner,7.0,2020-10-03 03:50:09
77," Ổn áp, biến áp (705) ",https://tiki.vn/on-ap-bien-ap/c11854?src=c.1883.hamburger_menu_fly_out_banner,7.0,2020-10-03 03:50:09
78, Bánh kẹo (1925) ,https://tiki.vn/banh-keo/c4421?src=c.4384.hamburger_menu_fly_out_banner,8.0,2020-10-03 03:59:28
79, Bộ quà tặng (144) ,https://tiki.vn/bo-qua-tang/c11347?src=c.4384.hamburger_menu_fly_out_banner,8.0,2020-10-03 03:59:28
80, Chăm sóc nhà cửa (4806) ,https://tiki.vn/cham-soc-nha-cua/c15078?src=c.4384.hamburger_menu_fly_out_banner,8.0,2020-10-03 03:59:28
81, Chăm sóc thú cưng (5098) ,https://tiki.vn/thu-cung/c5451?src=c.4384.hamburger_menu_fly_out_banner,8.0,2020-10-03 03:59:28
82, Gia vị (2107) ,https://tiki.vn/gia-vi/c4422?src=c.4384.hamburger_menu_fly_out_banner,8.0,2020-10-03 03:59:28
83, Thực phẩm (5738) ,https://tiki.vn/thuc-pham/c15074?src=c.4384.hamburger_menu_fly_out_banner,8.0,2020-10-03 03:59:28
84, Thực phẩm bảo vệ sức khỏe (398) ,https://tiki.vn/thuc-pham-bao-ve-suc-khoe/c11251?src=c.4384.hamburger_menu_fly_out_banner,8.0,2020-10-03 03:59:28
85, Thực phẩm bổ dưỡng (1298) ,https://tiki.vn/thuc-pham-bo-duong/c8240?src=c.4384.hamburger_menu_fly_out_banner,8.0,2020-10-03 03:59:28
86, Thực phẩm cao cấp (160) ,https://tiki.vn/thuc-pham-cao-cap/c11346?src=c.4384.hamburger_menu_fly_out_banner,8.0,2020-10-03 03:59:28
87, Thực phẩm chay (112) ,https://tiki.vn/thuc-pham-chay/c5479?src=c.4384.hamburger_menu_fly_out_banner,8.0,2020-10-03 03:59:28
88, Thực phẩm hữu cơ (244) ,https://tiki.vn/thuc-pham-huu-co/c11660?src=c.4384.hamburger_menu_fly_out_banner,8.0,2020-10-03 03:59:28
89, Đồ uống - Giải khát (1588) ,https://tiki.vn/do-uong-giai-khat/c24024?src=c.4384.hamburger_menu_fly_out_banner,8.0,2020-10-03 03:59:28
90, Đồ uống - Pha chế (5278) ,https://tiki.vn/do-uong-pha-che/c22998?src=c.4384.hamburger_menu_fly_out_banner,8.0,2020-10-03 03:59:28
91, Chuẩn bị mang thai (18) ,https://tiki.vn/chuan-bi-mang-thai/c10570?src=c.2549.hamburger_menu_fly_out_banner,9.0,2020-10-03 04:01:20
92," Chăm sóc mẹ mang thai, sau sinh (1747) ",https://tiki.vn/cham-soc-me-mang-thai-sau-sinh/c2640?src=c.2549.hamburger_menu_fly_out_banner,9.0,2020-10-03 04:01:20
93, Dinh dưỡng cho bé (2204) ,https://tiki.vn/dinh-duong-cho-be/c8339?src=c.2549.hamburger_menu_fly_out_banner,9.0,2020-10-03 04:01:20
94, Dinh dưỡng cho mẹ (181) ,https://tiki.vn/dinh-duong-cho-me/c10416?src=c.2549.hamburger_menu_fly_out_banner,9.0,2020-10-03 04:01:20
95, Dinh dưỡng cho người lớn (410) ,https://tiki.vn/dinh-duong-cho-nguoi-lon/c10418?src=c.2549.hamburger_menu_fly_out_banner,9.0,2020-10-03 04:01:20
96, Thời Trang Cho Mẹ Và Bé (20399) ,https://tiki.vn/thoi-trang-cho-me-va-be/c11603?src=c.2549.hamburger_menu_fly_out_banner,9.0,2020-10-03 04:01:20
97," Tã, Bỉm (1875) ",https://tiki.vn/ta-bim-cho-be/c2551?src=c.2549.hamburger_menu_fly_out_banner,9.0,2020-10-03 04:01:20
98, Đồ chơi (20390) ,https://tiki.vn/do-choi/c5250?src=c.2549.hamburger_menu_fly_out_banner,9.0,2020-10-03 04:01:20
99, Đồ dùng cho bé (10084) ,https://tiki.vn/do-dung-cho-be/c11601?src=c.2549.hamburger_menu_fly_out_banner,9.0,2020-10-03 04:01:20
100, Bộ sản phẩm làm đẹp (344) ,https://tiki.vn/bo-san-pham-lam-dep/c8161?src=c.1520.hamburger_menu_fly_out_banner,10.0,2020-10-03 04:06:05
101, Chăm sóc cá nhân (3898) ,https://tiki.vn/cham-soc-ca-nhan/c1594?src=c.1520.hamburger_menu_fly_out_banner,10.0,2020-10-03 04:06:05
102, Chăm sóc cơ thể (5955) ,https://tiki.vn/cham-soc-co-the/c1592?src=c.1520.hamburger_menu_fly_out_banner,10.0,2020-10-03 04:06:05
103, Chăm sóc da mặt (15733) ,https://tiki.vn/cham-soc-da-mat/c1582?src=c.1520.hamburger_menu_fly_out_banner,10.0,2020-10-03 04:06:05
104, Chăm sóc tóc và da đầu (4328) ,https://tiki.vn/cham-soc-toc-da-dau/c1591?src=c.1520.hamburger_menu_fly_out_banner,10.0,2020-10-03 04:06:05
105, Dược mỹ phẩm (1011) ,https://tiki.vn/duoc-my-pham/c5874?src=c.1520.hamburger_menu_fly_out_banner,10.0,2020-10-03 04:06:05
106, Hỗ trợ tình dục (1768) ,https://tiki.vn/ho-tro-tinh-duc/c8142?src=c.1520.hamburger_menu_fly_out_banner,10.0,2020-10-03 04:06:05
107, Nước hoa (1392) ,https://tiki.vn/nuoc-hoa/c1595?src=c.1520.hamburger_menu_fly_out_banner,10.0,2020-10-03 04:06:05
108, Sản phẩm thiên nhiên (2886) ,https://tiki.vn/san-pham-thien-nhien-handmade/c5873?src=c.1520.hamburger_menu_fly_out_banner,10.0,2020-10-03 04:06:05
109, Thiết bị chăm sóc sức khỏe (3409) ,https://tiki.vn/thiet-bi-cham-soc-suc-khoe/c2307?src=c.1520.hamburger_menu_fly_out_banner,10.0,2020-10-03 04:06:05
110, Thiết bị làm đẹp (2488) ,https://tiki.vn/thiet-bi-lam-dep/c2306?src=c.1520.hamburger_menu_fly_out_banner,10.0,2020-10-03 04:06:05
111, Thực phẩm chức năng (5245) ,https://tiki.vn/thuc-pham-chuc-nang/c2322?src=c.1520.hamburger_menu_fly_out_banner,10.0,2020-10-03 04:06:05
112, Tinh dầu spa (1069) ,https://tiki.vn/tinh-dau-spa/c11348?src=c.1520.hamburger_menu_fly_out_banner,10.0,2020-10-03 04:06:05
113, Trang điểm (7108) ,https://tiki.vn/trang-diem/c1584?src=c.1520.hamburger_menu_fly_out_banner,10.0,2020-10-03 04:06:05
114, Phụ kiện thời trang (76724) ,https://tiki.vn/phu-kien-thoi-trang/c27498?src=c.914.hamburger_menu_fly_out_banner,11.0,2020-10-03 04:11:30
115, Thời trang nam (83686) ,https://tiki.vn/thoi-trang-nam/c915?src=c.914.hamburger_menu_fly_out_banner,11.0,2020-10-03 04:11:30
116, Thời trang nữ (92445) ,https://tiki.vn/thoi-trang-nu/c931?src=c.914.hamburger_menu_fly_out_banner,11.0,2020-10-03 04:11:30
117, Vali - Balo - Túi xách (52046) ,https://tiki.vn/vali-balo-tui-xach/c6000?src=c.914.hamburger_menu_fly_out_banner,11.0,2020-10-03 04:11:30
118, Các môn thể thao chơi vợt (496) ,https://tiki.vn/cac-mon-the-thao-choi-vot/c8411?src=c.1975.hamburger_menu_fly_out_banner,12.0,2020-10-03 04:15:26
119, Các môn thể thao khác (2197) ,https://tiki.vn/cac-mon-the-thao-khac/c24002?src=c.1975.hamburger_menu_fly_out_banner,12.0,2020-10-03 04:15:26
120, Các môn thể thao đối kháng (516) ,https://tiki.vn/cac-mon-the-thao-doi-khang/c23120?src=c.1975.hamburger_menu_fly_out_banner,12.0,2020-10-03 04:15:26
121, Các môn thể thao đồng đội (1167) ,https://tiki.vn/the-thao-dong-doi/c4227?src=c.1975.hamburger_menu_fly_out_banner,12.0,2020-10-03 04:15:26
122, Dụng cụ - thiết bị tập thể thao (2098) ,https://tiki.vn/dung-cu-thiet-bi-tap-the-thao/c24128?src=c.1975.hamburger_menu_fly_out_banner,12.0,2020-10-03 04:15:26
123, Dụng cụ câu cá (1480) ,https://tiki.vn/dung-cu-cau-ca/c24294?src=c.1975.hamburger_menu_fly_out_banner,12.0,2020-10-03 04:15:26
124, Dụng cụ leo núi (378) ,https://tiki.vn/dung-cu-leo-nui/c24258?src=c.1975.hamburger_menu_fly_out_banner,12.0,2020-10-03 04:15:26
125, Giày thể thao nam (2860) ,https://tiki.vn/giay-the-thao-nam/c6826?src=c.1975.hamburger_menu_fly_out_banner,12.0,2020-10-03 04:15:26
126, Giày thể thao nữ (463) ,https://tiki.vn/giay-the-thao-nu/c6827?src=c.1975.hamburger_menu_fly_out_banner,12.0,2020-10-03 04:15:26
127, Phụ kiện thể thao (2295) ,https://tiki.vn/phu-kien-the-thao/c24306?src=c.1975.hamburger_menu_fly_out_banner,12.0,2020-10-03 04:15:26
128, Thể thao dưới nước (1208) ,https://tiki.vn/the-thao-duoi-nuoc/c8413?src=c.1975.hamburger_menu_fly_out_banner,12.0,2020-10-03 04:15:26
129, Thực phẩm bổ sung năng lượng (354) ,https://tiki.vn/thuc-pham-bo-sung-nang-luong/c10803?src=c.1975.hamburger_menu_fly_out_banner,12.0,2020-10-03 04:15:26
130, Trang phục thể thao nam (2802) ,https://tiki.vn/trang-phuc-the-thao-nam/c6140?src=c.1975.hamburger_menu_fly_out_banner,12.0,2020-10-03 04:15:26
131, Trang phục thể thao nữ (2258) ,https://tiki.vn/trang-phuc-the-thao-nu/c6141?src=c.1975.hamburger_menu_fly_out_banner,12.0,2020-10-03 04:15:26
132, Đồ dùng dã ngoại (3181) ,https://tiki.vn/do-dung-da-ngoai/c8428?src=c.1975.hamburger_menu_fly_out_banner,12.0,2020-10-03 04:15:26
