p_id,p_title,cat_id,seller_product_id,sku,price,p_product_id,brand,category,p_url,img_url,p_original_price,discount,refund,TIKI_now,create_at
1,Máy Tính Bảng Samsung Galaxy Tab A8 8,17,21464948,4768055136698,3550000,21464946,Samsung,Điện Thoại - Máy Tính Bảng/Máy tính bảng,/may-tinh-bang-samsung-galaxy-tab-a8-8-t295-2019-hang-chinh-hang-p21464946.html?src=category-page-1789.1794&2hi=0,https://salt.tikicdn.com/cache/280x280/ts/product/05/f4/a0/4d066ca1f0249c6ff49af104b8b0c431.jpg,3690000,-4%,No,Yes,2020-10-03 15:14:39
2,iPad Air 10.5 Wi-Fi 64GB New 2019 - Nhập Khẩu Chính Hãng,17,12417549,2755467167718,12990000,12417547,Apple,Điện Thoại - Máy Tính Bảng/Máy tính bảng,/ipad-air-10-5-wi-fi-64gb-new-2019-nhap-khau-chinh-hang-p12417547.html?src=category-page-1789.1794&2hi=0,https://salt.tikicdn.com/cache/280x280/ts/product/9f/13/87/0d1dca5b6f328c05620a59caa63bdfec.jpg,14990000,-13%,Yes,Yes,2020-10-03 15:14:39
3,iPad Pro 11 inch (2020) Wifi - Hàng Nhập Khẩu Chính Hãng,17,51428408,2919421832603,21490000,51428406,Apple,Điện Thoại - Máy Tính Bảng/Máy tính bảng,/ipad-pro-11-inch-2020-wifi-hang-nhap-khau-chinh-hang-p51428406.html?src=category-page-1789.1794&2hi=0,https://salt.tikicdn.com/cache/280x280/ts/product/86/dc/72/0465cf0ab5b65d28542bd4282ea66119.jpg,23990000,-10%,No,Yes,2020-10-03 15:14:39
4,iPad Mini 5 Wi-Fi 64GB -  Hàng Nhập Khẩu Chính Hãng,17,12389307,6782615623754,9490000,12389305,Apple,Điện Thoại - Máy Tính Bảng/Máy tính bảng,/ipad-mini-5-wi-fi-64gb-hang-nhap-khau-chinh-hang-p12389305.html?src=category-page-1789.1794&2hi=0,https://salt.tikicdn.com/cache/280x280/ts/product/99/96/a2/9e1b77fe3d8383861f7c1c93de81579f.jpg,11990000,-21%,Yes,Yes,2020-10-03 15:14:39
5,iPad Pro 11 inch Wifi 2020 - Hàng Nhập Khẩu ,17,53991424,1977339117442,20199000,52675312,Apple,Điện Thoại - Máy Tính Bảng/Máy tính bảng,/ipad-pro-11-inch-wifi-2020-hang-nhap-khau-p52675312.html?src=category-page-1789.1794&2hi=0,https://salt.tikicdn.com/cache/280x280/ts/product/9b/9e/d3/1953e8355af2d43840ae1a9d3b35ef18.jpg,23990000,-16%,No,Yes,2020-10-03 15:14:39
6,Máy Tính Bảng Samsung Galaxy Tab S6 Lite (SM-P615N) - Hàng Chính Hãng,17,53654259,5023901293505,9590000,53654257,Samsung,Điện Thoại - Máy Tính Bảng/Máy tính bảng,/may-tinh-bang-samsung-galaxy-tab-s6-lite-sm-p615n-hang-chinh-hang-p53654257.html?src=category-page-1789.1794&2hi=0,https://salt.tikicdn.com/cache/280x280/ts/product/d1/e5/30/293c86afbc9494950fd6ada93bb330b5.jpg,9990000,-4%,No,Yes,2020-10-03 15:14:39
7,Máy Tính Bảng Masstel Tab 7 – Hàng Chính Hãng,17,50232785,6259337544488,1290000,2131505,Masstel,Điện Thoại - Máy Tính Bảng/Máy tính bảng,/may-tinh-bang-masstel-tab-7-hang-chinh-hang-p2131505.html?src=category-page-1789.1794&2hi=0,https://salt.tikicdn.com/cache/280x280/ts/product/aa/46/0b/673debe0110c39a48ec9994b5cea165c.jpg,1790000,-28%,No,Yes,2020-10-03 15:14:39
8,iPad Pro 12.9 inch (2020) Wifi - Hàng Nhập Khẩu Chính Hãng,17,51461450,8919215980972,27990000,51461448,Apple,Điện Thoại - Máy Tính Bảng/Máy tính bảng,/ipad-pro-12-9-inch-2020-wifi-hang-nhap-khau-chinh-hang-p51461448.html?src=category-page-1789.1794&2hi=0,https://salt.tikicdn.com/cache/280x280/ts/product/7c/61/1f/096c8fc9c4696dd4936d1f0b1bd556fa.jpg,27990000,0%,No,Yes,2020-10-03 15:14:39
9,iPad Pro 12.9 inch (2018) 512GB Wifi Cellular - Hàng Nhập Khẩu Chính Hãng,17,6878397,7441754025391,25990000,6878393,Apple,Điện Thoại - Máy Tính Bảng/Máy tính bảng,/ipad-pro-12-9-inch-2018-512gb-wifi-cellular-hang-nhap-khau-chinh-hang-p6878393.html?src=category-page-1789.1794&2hi=0,https://salt.tikicdn.com/cache/280x280/ts/product/3e/59/92/28f5fd9afe76130566acd08e3a432326.jpg,43990000,-41%,No,Yes,2020-10-03 15:14:39
10,iPad 10.2 Inch WiFi/Cellular 128GB New 2019 - Hàng  Chính Hãng,17,55148132,7716112711293,14490000,55148130,Apple,Điện Thoại - Máy Tính Bảng/Máy tính bảng,/ipad-10-2-inch-wifi-cellular-128gb-new-2019-hang-chinh-hang-p55148130.html?src=category-page-1789.1794&2hi=0,https://salt.tikicdn.com/cache/280x280/ts/product/29/d0/9c/aba09d11bae5cb85ea2e11e1431839cb.jpg,14990000,-3%,Yes,Yes,2020-10-03 15:14:39
11,iPad 10.2 Inch WiFi/Cellular 32GB New 2019 - Hàng Nhập Khẩu Chính Hãng,17,32648378,5837921811843,11490000,32648364,Apple,Điện Thoại - Máy Tính Bảng/Máy tính bảng,/ipad-10-2-inch-wifi-cellular-32gb-new-2019-hang-nhap-khau-chinh-hang-p32648364.html?src=category-page-1789.1794&2hi=0,https://salt.tikicdn.com/cache/280x280/ts/product/49/ea/95/93c7d7157c1cc799abd00f3a01853e4c.JPG,11990000,-4%,No,Yes,2020-10-03 15:14:39
12,Máy Tính Bảng Kindle Fire HD10(9th) 32GB (2019) - Hàng Nhập Khẩu - Balck,17,58245792,2889881667360,3299000,58245791,Amazon,Điện Thoại - Máy Tính Bảng/Máy tính bảng,/may-tinh-bang-kindle-fire-hd10-9th-32gb-2019-hang-nhap-khau-balck-p58245791.html?src=category-page-1789.1794&2hi=0,https://salt.tikicdn.com/cache/280x280/ts/product/c1/09/a6/d5d4cf143c7e8b7faffaf937f3f003df.jpg,4099000,-20%,No,Yes,2020-10-03 15:14:39
13,iPad Pro 11 inch (2018) 64GB Wifi Cellular - Hàng Nhập Khẩu Chính Hãng,17,6878301,5448213996355,21490000,6878293,Apple,Điện Thoại - Máy Tính Bảng/Máy tính bảng,/ipad-pro-11-inch-2018-64gb-wifi-cellular-hang-nhap-khau-chinh-hang-p6878293.html?src=category-page-1789.1794&2hi=0,https://salt.tikicdn.com/cache/280x280/ts/product/b8/90/7b/4d28f2fe16ce97799416817c68c408bd.jpg,27990000,-23%,Yes,Yes,2020-10-03 15:14:39
14,iPad Mini 5 Wi-Fi 256GB - Hàng Nhập Khẩu Chính Hãng,17,12421271,9149380858199,13490000,12421267,Apple,Điện Thoại - Máy Tính Bảng/Máy tính bảng,/ipad-mini-5-wi-fi-256gb-hang-nhap-khau-chinh-hang-p12421267.html?src=category-page-1789.1794&2hi=0,https://salt.tikicdn.com/cache/280x280/ts/product/36/a1/34/e3dd20ab3ef643824757885d6d78f94c.jpg,14990000,-10%,No,Yes,2020-10-03 15:14:39
15,Máy Tính Bảng Kindle Fire 7 (9th) 16GB ( 2019)  Black- Hàng nhập Khẩu,17,21982058,9023578189954,1299000,21982057,Amazon,Điện Thoại - Máy Tính Bảng/Máy tính bảng,/may-tinh-bang-kindle-fire-7-9th-16gb-2019-black-hang-nhap-khau-p21982057.html?src=category-page-1789.1794&2hi=0,https://salt.tikicdn.com/cache/280x280/ts/product/d3/08/96/252d93a3bc0de2c3684982233fa61eb8.jpg,2000000,-35%,No,Yes,2020-10-03 15:14:39
16,Máy Tính Bảng Masstel Tab 10 Pro - Hàng Chính Hãng,17,47269244,4053148324152,2290000,32937961,Masstel,Điện Thoại - Máy Tính Bảng/Máy tính bảng,/may-tinh-bang-masstel-tab-10-pro-hang-chinh-hang-p32937961.html?src=category-page-1789.1794&2hi=0,https://salt.tikicdn.com/cache/280x280/ts/product/e9/6c/4e/a176e6d6138134cbc2d5c22b4621844c.jpg,2790000,-18%,No,Yes,2020-10-03 15:14:39
17,iPad Mini 5 Wi-Fi 64GB - Hàng Nhập Khẩu,17,55797556,6667217863930,9590000,37299479,Apple,Điện Thoại - Máy Tính Bảng/Máy tính bảng,/ipad-mini-5-wi-fi-64gb-hang-nhap-khau-p37299479.html?src=category-page-1789.1794&2hi=0,https://salt.tikicdn.com/cache/280x280/ts/product/99/96/a2/d0f5748e91213d042f47bc34c5690ee5.jpg,11990000,-20%,No,Yes,2020-10-03 15:14:39
18,Máy Tính Bảng Samsung Galaxy Tab S6 (6GB/128GB) - Hàng chính hãng,17,68449063,4239482001946,14790000,36651420,Samsung,Điện Thoại - Máy Tính Bảng/Máy tính bảng,/may-tinh-bang-samsung-galaxy-tab-s6-6gb-128gb-hang-chinh-hang-p36651420.html?src=category-page-1789.1794&2hi=0,https://salt.tikicdn.com/cache/280x280/ts/product/4f/a4/c7/fedfd6cb955f9cf6c18c3308c3275de0.jpg,18500000,-20%,No,Yes,2020-10-03 15:14:39
19, Máy Tính Bảng Samsung Galaxy Tab A 8 Plus P205N 2019 - Hàng Chính Hãng (Đã Kích Hoạt) Bảo Hành 12 Tháng,17,57217373,1312354503380,5590000,56312920,Samsung,Điện Thoại - Máy Tính Bảng/Máy tính bảng,/may-tinh-bang-samsung-galaxy-tab-a-8-plus-p205n-2019-hang-chinh-hang-da-kich-hoat-bao-hanh-12-thang-p56312920.html?src=category-page-1789.1794&2hi=0,https://salt.tikicdn.com/cache/280x280/ts/product/82/f0/09/6dadc56bf8431759eda51df66dd5b8d0.jpg,6990000,-20%,No,Yes,2020-10-03 15:14:39
20,iPad Pro 11 inch (2018) 256GB Wifi Cellular - Nhập Khẩu Chính Hãng,17,6878307,2446308757747,22990000,6878303,Apple,Điện Thoại - Máy Tính Bảng/Máy tính bảng,/ipad-pro-11-inch-2018-256gb-wifi-cellular-nhap-khau-chinh-hang-p6878303.html?src=category-page-1789.1794&2hi=0,https://salt.tikicdn.com/cache/280x280/ts/product/3e/59/92/fdafe5286cdfc771a699fd5da427584b.jpg,32990000,-30%,Yes,Yes,2020-10-03 15:14:39
21,Máy Tính Bảng Kindle Fire HD8 (8th) 16GB (2019) - Hàng Chính Hãng,17,15308263,8063779834438,2149000,7184855,Kindle,Điện Thoại - Máy Tính Bảng/Máy tính bảng,/may-tinh-bang-kindle-fire-hd8-8th-16gb-2019-hang-chinh-hang-p7184855.html?src=category-page-1789.1794&2hi=0,https://salt.tikicdn.com/cache/280x280/ts/product/42/8b/3c/7e5b8c460fe4446ab529b8d7516a7821.jpg,2990000,-28%,No,Yes,2020-10-03 15:14:39
22,Combo Máy Đọc Sách Kindle Paperwhite Gen 10 (8GB - Màu Đen) và Bao da WELL BEGUN - Hàng nhập khẩu,17,20873233,7756653195800,3290000,11217956,Kindle,Điện Thoại - Máy Tính Bảng/Máy tính bảng,/combo-may-doc-sach-kindle-paperwhite-gen-10-8gb-mau-den-va-bao-da-well-begun-hang-nhap-khau-p11217956.html?src=category-page-1789.1794&2hi=0,https://salt.tikicdn.com/cache/280x280/ts/product/22/a2/87/5ccb9e3528367ba4c6112d5b9399ac40.jpg,4290000,-23%,No,Yes,2020-10-03 15:14:39
23,iPad Pro 12.9 inch (2020) Wifi - Hàng Nhập Khẩu,17,53750093,2105252257610,27499000,52675635,Apple,Điện Thoại - Máy Tính Bảng/Máy tính bảng,/ipad-pro-12-9-inch-2020-wifi-hang-nhap-khau-p52675635.html?src=category-page-1789.1794&2hi=0,https://salt.tikicdn.com/cache/280x280/ts/product/16/95/56/aaae2d5097dc59b659bb33c8e131b420.jpg,31990000,-14%,No,Yes,2020-10-03 15:14:39
24,iPad Pro 12.9 inch (2018) 512GB Wifi - Nhập Khẩu Chính Hãng,17,6878357,3825320153864,24990000,6878353,Apple,Điện Thoại - Máy Tính Bảng/Máy tính bảng,/ipad-pro-12-9-inch-2018-512gb-wifi-nhap-khau-chinh-hang-p6878353.html?src=category-page-1789.1794&2hi=0,https://salt.tikicdn.com/cache/280x280/ts/product/3e/59/92/f9cfb03fdc58d082ff077368ad77fab0.jpg,36990000,-32%,No,Yes,2020-10-03 15:14:39
25,iPad Pro 12.9 inch (2020) Wifi Cellular- Hàng Nhập Khẩu Chính Hãng,17,51461437,8728115360834,30990000,51461435,Apple,Điện Thoại - Máy Tính Bảng/Máy tính bảng,/ipad-pro-12-9-inch-2020-wifi-cellular-hang-nhap-khau-chinh-hang-p51461435.html?src=category-page-1789.1794&2hi=0,https://salt.tikicdn.com/cache/280x280/ts/product/97/11/61/4dd3fea3bd4df908a17508dc975254b7.jpg,31990000,-3%,Yes,Yes,2020-10-03 15:14:39
26,Máy tính bảng Mobell Tab 10 - Hàng chính hãng,17,52612839,9498828518356,2550000,19791121,Mobell,Điện Thoại - Máy Tính Bảng/Máy tính bảng,/may-tinh-bang-mobell-tab-10-hang-chinh-hang-p19791121.html?src=category-page-1789.1794&2hi=0,https://salt.tikicdn.com/cache/280x280/ts/product/74/0a/63/320bf82502d0988ba21591f5441ee261.png,2750000,-7%,No,Yes,2020-10-03 15:14:39
27,Máy Tính Bảng Mobell Tab 7S (8GB) - Hàng Chính Hãng,17,11588563,4800821149416,1390000,625684,Mobell,Điện Thoại - Máy Tính Bảng/Máy tính bảng,/may-tinh-bang-mobell-tab-7s-8gb-hang-chinh-hang-p625684.html?src=category-page-1789.1794&2hi=0,https://salt.tikicdn.com/cache/280x280/media/catalog/product/1/_/1.u4064.d20170426.t115242.448874.jpg,1990000,-30%,No,Yes,2020-10-03 15:14:39
28,Máy Đọc Sách Kindle Paperwhite 2018 (7th) - Hàng Chính Hãng,17,21613699,7106526068791,2790000,2686969,Kindle,Điện Thoại - Máy Tính Bảng/Máy tính bảng,/may-doc-sach-kindle-paperwhite-2018-7th-hang-chinh-hang-p2686969.html?src=category-page-1789.1794&2hi=0,https://salt.tikicdn.com/cache/280x280/media/catalog/product/1/_/1.u5618.d20170823.t165017.549518.jpg,3390000,-18%,No,Yes,2020-10-03 15:14:39
29,iPad Pro 12.9 inch (2018) 256GB Wifi Cellular - Hàng Nhập Khẩu Chính Hãng,17,6878387,1470054868700,25990000,6878383,Apple,Điện Thoại - Máy Tính Bảng/Máy tính bảng,/ipad-pro-12-9-inch-2018-256gb-wifi-cellular-hang-nhap-khau-chinh-hang-p6878383.html?src=category-page-1789.1794&2hi=0,https://salt.tikicdn.com/cache/280x280/ts/product/3e/59/92/daf23928bc19a294798c1eb6e8bbfb99.jpg,39990000,-35%,Yes,Yes,2020-10-03 15:14:39
30,Máy Tính Bảng Samsung Galaxy A 8 Plus (Có S Pen) - Hàng Chính Hãng,17,14311856,4125797168125,6990000,13561036,Samsung,Điện Thoại - Máy Tính Bảng/Máy tính bảng,/may-tinh-bang-samsung-galaxy-a-8-plus-co-s-pen-hang-chinh-hang-p13561036.html?src=category-page-1789.1794&2hi=0,https://salt.tikicdn.com/cache/280x280/ts/product/30/31/7e/8532aeaf0baa6f43749586fe44bf01c0.jpg,6990000,0%,No,Yes,2020-10-03 15:14:39
31,iPad Pro 12.9 inch (2018) 64GB Wifi Cellular - Hàng Nhập Khẩu Chính Hãng,17,6878377,8413871408592,25990000,6878373,Apple,Điện Thoại - Máy Tính Bảng/Máy tính bảng,/ipad-pro-12-9-inch-2018-64gb-wifi-cellular-hang-nhap-khau-chinh-hang-p6878373.html?src=category-page-1789.1794&2hi=0,https://salt.tikicdn.com/cache/280x280/ts/product/3e/59/92/95b852427b63efc84a40fa4b96f6262b.jpg,35990000,-28%,Yes,Yes,2020-10-03 15:14:39
32,Máy Tính Viết Bảng Cho Người Già Hanvon - Kết Hợp Với Bút Hanwang,17,37233065,9777118725095,1004000,37233063,Joy Collection,Điện Thoại - Máy Tính Bảng/Máy tính bảng,/may-tinh-viet-bang-cho-nguoi-gia-hanvon-ket-hop-voi-but-hanwang-p37233063.html?src=category-page-1789.1794&2hi=0,https://salt.tikicdn.com/cache/280x280/ts/product/da/e4/6b/7af48d4a53a9ff62d9bc1192fe557206.jpg,1206000,-17%,No,Yes,2020-10-03 15:14:39
33,Máy Chấm Đọc Sách Vua Gia Sư V600 (8GB) - Hàng Chính Hãng,17,6310369,9096405028238,3490000,6310367,Vua Gia Sư,Điện Thoại - Máy Tính Bảng/Máy tính bảng,/may-cham-doc-sach-vua-gia-su-v600-8gb-hang-chinh-hang-p6310367.html?src=category-page-1789.1794&2hi=0,https://salt.tikicdn.com/cache/280x280/ts/product/57/9b/fd/9c12ef531a25a46d04d1a4ce2dec815c.jpg,3490000,0%,No,Yes,2020-10-03 15:14:39
34,WACOM INTUOS PRO SMALL (PTH-460) CHÍNH HÃNG LÊ BẢO MINH,17,26417155,1791092577127,6181000,15675045,Wacom,Điện Thoại - Máy Tính Bảng/Máy tính bảng,/wacom-intuos-pro-small-pth-460-chinh-hang-le-bao-minh-p15675045.html?src=category-page-1789.1794&2hi=0,https://salt.tikicdn.com/cache/280x280/ts/product/39/4a/5c/bc47340e193b523500123342c22b5461.jpg,6600000,-6%,No,Yes,2020-10-03 15:14:39
35,Máy Tính Bảng Kindle Fire 7 (9th) 16GB ( 2019)  Plum- Hàng nhập Khẩu,17,21982529,6522679761548,1349000,21982528,Amazon,Điện Thoại - Máy Tính Bảng/Máy tính bảng,/may-tinh-bang-kindle-fire-7-9th-16gb-2019-plum-hang-nhap-khau-p21982528.html?src=category-page-1789.1794&2hi=0,https://salt.tikicdn.com/cache/280x280/ts/product/04/1b/9d/268ada3419ea3f2a5af61912c3ec7e1f.jpg,2000000,-33%,No,Yes,2020-10-03 15:14:39
36,Máy Đọc Sách Kindle Paperwhite Gen 10 - 2019 - Hàng Nhập Khẩu,18,35166965,7400219184295,2989000,40639597,Kindle,Điện Thoại - Máy Tính Bảng/Máy đọc sách,/may-doc-sach-kindle-paperwhite-gen-10-2019-hang-nhap-khau-p40639597.html?src=category-page-1789.28856&2hi=0,https://salt.tikicdn.com/cache/280x280/ts/product/09/43/67/0fad375f1bee9b1597256a326059e8bc.jpg,4300000,-30%,No,Yes,2020-10-03 15:14:46
37,Máy đọc sách Kindle PaperWhite Gen 4 (10th) - Bản 8GB 2019 - Hàng chính hãng,18,8073155,1902845406445,3050000,6597807,Kindle,Điện Thoại - Máy Tính Bảng/Máy đọc sách,/may-doc-sach-kindle-paperwhite-gen-4-10th-ban-8gb-2019-hang-chinh-hang-p6597807.html?src=category-page-1789.28856&2hi=0,https://salt.tikicdn.com/cache/280x280/ts/product/be/f2/ba/f7cacd4da64139b88acb667612d814ba.jpg,3990000,-24%,No,Yes,2020-10-03 15:14:46
38,Máy Đọc Sách All New Kindle 2019 (10th) – Hàng Chính Hãng,18,17616545,8455226866763,2300000,14507169,Kindle,Điện Thoại - Máy Tính Bảng/Máy đọc sách,/may-doc-sach-all-new-kindle-2019-10th-hang-chinh-hang-p14507169.html?src=category-page-1789.28856&2hi=0,https://salt.tikicdn.com/cache/280x280/ts/product/41/e1/79/f4541de59d4c16cfd2d37797909540b2.jpg,2999000,-23%,No,Yes,2020-10-03 15:14:46
39,Máy Đọc Sách Kindle Paperwhite Gen 10 -  Hàng Mỹ,18,21301193,9853778317631,3099000,11254535,Kindle,Điện Thoại - Máy Tính Bảng/Máy đọc sách,/may-doc-sach-kindle-paperwhite-gen-10-hang-my-p11254535.html?src=category-page-1789.28856&2hi=0,https://salt.tikicdn.com/cache/280x280/ts/product/09/43/67/ac7754228d6a2284b5847a5c867e4a1b.jpg,4190000,-26%,No,Yes,2020-10-03 15:14:46
40,Máy đọc sách Kindle Oasis 3 (2019) - Amazon - Hàng nhập khẩu,18,43924155,1096925155627,6788000,43924153,Kindle,Điện Thoại - Máy Tính Bảng/Máy đọc sách,/may-doc-sach-kindle-oasis-3-2019-amazon-hang-nhap-khau-p43924153.html?src=category-page-1789.28856&2hi=0,https://salt.tikicdn.com/cache/280x280/ts/product/93/b9/e5/0fd5b3441b6567eb7f2c306ca821670a.jpg,8200000,-17%,No,Yes,2020-10-03 15:14:46
41,Máy đọc sách Amazon Kindle Paperwhite 4 Gen 10 (2019) - Hàng nhập khẩu,18,35170468,8291710667382,2989000,35170466,Kindle,Điện Thoại - Máy Tính Bảng/Máy đọc sách,/may-doc-sach-amazon-kindle-paperwhite-4-gen-10-2019-hang-nhap-khau-p35170466.html?src=category-page-1789.28856&2hi=0,https://salt.tikicdn.com/cache/280x280/ts/product/8c/76/8f/e2994fbebad248e88efd211d1b4379cd.jpg,4200000,-29%,No,Yes,2020-10-03 15:14:46
42,Máy đọc sách Amazon Kindle Oasis 2 - dung lượng 32gb - Chính hãng Amazon - Hàng nhập khẩu,18,43865004,9915684270940,5650000,43865002,Kindle,Điện Thoại - Máy Tính Bảng/Máy đọc sách,/may-doc-sach-amazon-kindle-oasis-2-dung-luong-32gb-chinh-hang-amazon-hang-nhap-khau-p43865002.html?src=category-page-1789.28856&2hi=0,https://salt.tikicdn.com/cache/280x280/ts/product/39/7f/dc/6e8b9104a1a5b8e18461fa6406387166.jpg,8500000,-34%,No,Yes,2020-10-03 15:14:46
43,Máy Đọc Sách Kindle Gen 10 - 2019 (4GB) - Hàng Nhập Khẩu,18,50601269,6306706241377,2049000,28623307,Kindle,Điện Thoại - Máy Tính Bảng/Máy đọc sách,/may-doc-sach-kindle-gen-10-2019-4gb-hang-nhap-khau-p28623307.html?src=category-page-1789.28856&2hi=0,https://salt.tikicdn.com/cache/280x280/ts/product/11/03/ca/2af2ea0d7bc77094025669a7ce966003.jpg,3099000,-34%,No,Yes,2020-10-03 15:14:46
44,Máy Tính Bảng Kindle Fire HD8 (8th) 16GB (2019) - Hàng Chính Hãng,18,15308263,8063779834438,2149000,7184855,Kindle,Điện Thoại - Máy Tính Bảng/Máy tính bảng,/may-tinh-bang-kindle-fire-hd8-8th-16gb-2019-hang-chinh-hang-p7184855.html?src=category-page-1789.28856&2hi=0,https://salt.tikicdn.com/cache/280x280/ts/product/42/8b/3c/7e5b8c460fe4446ab529b8d7516a7821.jpg,2990000,-28%,No,Yes,2020-10-03 15:14:46
45,Combo Máy Đọc Sách Kindle Paperwhite Gen 10th (8GB - Màu Đen) và Bao da WELL BEGUN Màu Đỏ Đô - Hàng Chính Hãng,18,19473526,6791276588906,3290000,19473525,Kindle,Điện Thoại - Máy Tính Bảng/Máy đọc sách,/combo-may-doc-sach-kindle-paperwhite-gen-10th-8gb-mau-den-va-bao-da-well-begun-mau-do-do-hang-chinh-hang-p19473525.html?src=category-page-1789.28856&2hi=0,https://salt.tikicdn.com/cache/280x280/ts/product/f1/4b/fd/ddc8079646394026938675198a0408bc.jpg,4990000,-34%,No,Yes,2020-10-03 15:14:46
46,Combo Máy Đọc Sách Kindle Paperwhite Gen 10th (8GB - Màu Đen) và Bao da WELL BEGUN Màu Ghi Xám - Hàng Chính Hãng,18,19462201,5172562062125,3290000,19462200,Kindle,Điện Thoại - Máy Tính Bảng/Máy đọc sách,/combo-may-doc-sach-kindle-paperwhite-gen-10th-8gb-mau-den-va-bao-da-well-begun-mau-ghi-xam-hang-chinh-hang-p19462200.html?src=category-page-1789.28856&2hi=0,https://salt.tikicdn.com/cache/280x280/ts/product/32/43/97/1826b8f651d510030d8850e738cad780.jpg,4990000,-34%,No,Yes,2020-10-03 15:14:46
47,Combo Máy Đọc Sách Kindle Paperwhite 4 Gen 10 (8GB - Màu Đen - Hàng nhập khẩu) và Bao Da WELL BEGUN,18,36264195,8494418937805,3299000,36264193,Kindle,Điện Thoại - Máy Tính Bảng/Máy đọc sách,/combo-may-doc-sach-kindle-paperwhite-4-gen-10-8gb-mau-den-va-bao-da-well-begun-hang-nhap-khau-p36264193.html?src=category-page-1789.28856&2hi=0,https://salt.tikicdn.com/cache/280x280/ts/product/07/51/f5/e9812eb508b2e825916f49a4b055a95a.jpg,4990000,-34%,No,Yes,2020-10-03 15:14:46
48,Combo Máy Đọc Sách Kindle Paperwhite Gen 10th (8GB - Màu Đen) và Bao da WELL BEGUN Màu vàng - Hàng Chính Hãng,18,19460705,3304759125883,3290000,19460704,Kindle,Điện Thoại - Máy Tính Bảng/Máy đọc sách,/combo-may-doc-sach-kindle-paperwhite-gen-10th-8gb-mau-den-va-bao-da-well-begun-mau-vang-hang-chinh-hang-p19460704.html?src=category-page-1789.28856&2hi=0,https://salt.tikicdn.com/cache/280x280/ts/product/8e/9c/39/c36bc4be8167a492883f37a53a7f7924.jpg,4990000,-34%,No,Yes,2020-10-03 15:14:46
49,Máy Đọc Sách Likebook Mars - Hàng chính hãng,18,24505296,8509540710285,4990000,24505295,Likebook,Điện Thoại - Máy Tính Bảng/Máy đọc sách,/may-doc-sach-likebook-mars-hang-chinh-hang-p24505295.html?src=category-page-1789.28856&2hi=0,https://salt.tikicdn.com/cache/280x280/ts/product/5f/f3/51/d7ff4a4990b68c89b59cb8af2be4bf0e.jpg,6000000,-17%,No,Yes,2020-10-03 15:14:46
50,Máy đọc sách Onyx Boox Note 2 - HÀNG CHÍNH HÃNG,18,55426140,9462144943086,13454000,40436685,Onyx Boox,Điện Thoại - Máy Tính Bảng/Máy đọc sách,/may-doc-sach-onyx-boox-note-2-hang-chinh-hang-p40436685.html?src=category-page-1789.28856&2hi=0,https://salt.tikicdn.com/cache/280x280/ts/product/5f/c9/49/bdc71ec81455bbbc0a37063e0de52da3.jpg,15590000,-14%,No,Yes,2020-10-03 15:14:46
51,Máy Đọc Sách Kindle PaperWhite Gen 10 - 2019 (32GB) - Hàng Nhập Khẩu,18,35277253,3028862885105,3850000,28624284,Kindle,Điện Thoại - Máy Tính Bảng/Máy đọc sách,/may-doc-sach-kindle-paperwhite-gen-10-2019-32gb-hang-nhap-khau-p28624284.html?src=category-page-1789.28856&2hi=0,https://salt.tikicdn.com/cache/280x280/ts/product/78/e8/24/d61655bf0f74b97a7ac7b50c23eae949.jpg,4890000,-21%,No,Yes,2020-10-03 15:14:46
52,Máy Đọc Sách Boox Nova 2 - Hàng Chính Hãng,18,66689465,7377522788109,8590000,58913366,Onyx Boox,Điện Thoại - Máy Tính Bảng/Máy đọc sách,/may-doc-sach-boox-nova-2-hang-chinh-hang-p58913366.html?src=category-page-1789.28856&2hi=0,https://salt.tikicdn.com/cache/280x280/ts/product/d2/8e/9b/8346627fd6f446f421a0e5a4af3653df.jpg,9990000,-14%,No,Yes,2020-10-03 15:14:46
53,Máy tính bảng Kindle Fire HD8 Model 2020 - 32GB - Hàng nhập khẩu,18,67085910,4619769343257,2245000,67085908,Amazon,Điện Thoại - Máy Tính Bảng/Máy đọc sách,/may-tinh-bang-kindle-fire-hd8-model-2020-32gb-hang-nhap-khau-p67085908.html?src=category-page-1789.28856&2hi=0,https://salt.tikicdn.com/cache/280x280/ts/product/e9/20/d4/6d20dfbd10ec451819a11be7fdae63ca.jpg,2990000,-25%,No,Yes,2020-10-03 15:14:46
54,Máy đọc sách Kindle for kids - 2019,18,54802327,3054101610825,2749000,54802325,Amazon,Điện Thoại - Máy Tính Bảng/Máy đọc sách,/may-doc-sach-kindle-for-kids-201-p54802325.html?src=category-page-1789.28856&2hi=0,https://salt.tikicdn.com/cache/280x280/ts/product/eb/fb/8c/764fe79326136ff299c52dd0312e5ed8.JPG,3000000,-8%,No,Yes,2020-10-03 15:14:46
55,Máy Đọc Sách Likebook Alita - Hàng chính hãng,18,32900891,6925934011431,11490000,32900890,Likebook,Điện Thoại - Máy Tính Bảng/Máy đọc sách,/may-doc-sach-likebook-alita-hang-chinh-hang-p32900890.html?src=category-page-1789.28856&2hi=0,https://salt.tikicdn.com/cache/280x280/ts/product/f1/0a/bd/d643a9283329b40eb9155a1bab0a52e0.jpg,14290000,-20%,No,Yes,2020-10-03 15:14:46
56,Máy Đọc Sách Kindle Paperwhite 2018 (7th) - Hàng Chính Hãng,18,21613699,7106526068791,2790000,2686969,Kindle,Điện Thoại - Máy Tính Bảng/Máy tính bảng,/may-doc-sach-kindle-paperwhite-2018-7th-hang-chinh-hang-p2686969.html?src=category-page-1789.28856&2hi=0,https://salt.tikicdn.com/cache/280x280/media/catalog/product/1/_/1.u5618.d20170823.t165017.549518.jpg,3390000,-18%,No,Yes,2020-10-03 15:14:46
57,Máy Đọc Sách Boox Max 3 - Đen - Hàng Chính Hãng,18,58913263,5833799013426,19790000,58913262,Onyx Boox,Điện Thoại - Máy Tính Bảng/Máy đọc sách,/may-doc-sach-boox-max-3-den-hang-chinh-hang-p58913262.html?src=category-page-1789.28856&2hi=0,https://salt.tikicdn.com/cache/280x280/ts/product/01/ec/59/67283e8789de36b9ff0965cc75872c68.jpg,21990000,-10%,No,Yes,2020-10-03 15:14:46
58,Máy Đọc Sách Onyx Boox Poke 2 - Hàng Chính Hãng,18,66690963,6484884669579,4890000,57864334,Onyx Boox,Điện Thoại - Máy Tính Bảng/Máy đọc sách,/may-doc-sach-onyx-boox-poke-2-hang-chinh-hang-p57864334.html?src=category-page-1789.28856&2hi=0,https://salt.tikicdn.com/cache/280x280/ts/product/1b/1c/5a/da50f6b0d600630898bba4044682303d.jpg,5590000,-13%,No,Yes,2020-10-03 15:14:46
59,Máy tính bảng Kindle Fire HD8 Plus 2020 - Ram 3Gb - 32Gb - Hàng nhập khẩu,18,67243939,2117762486558,2749000,67087279,Amazon,Điện Thoại - Máy Tính Bảng/Máy đọc sách,/may-tinh-bang-kindle-fire-hd8-plus-2020-ram-3gb-32gb-hang-nhap-khau-p67087279.html?src=category-page-1789.28856&2hi=0,https://salt.tikicdn.com/cache/280x280/ts/product/63/77/64/da9b9ea9ff163c50693c85751ee4ec92.jpg,3190000,-14%,No,Yes,2020-10-03 15:14:46
60,Máy đọc sách All New Kindle Bản đặc biệt 8GB - Hàng nhập khẩu,18,66773645,1482601797784,2690000,66773643,Amazon,Điện Thoại - Máy Tính Bảng/Máy đọc sách,/may-doc-sach-all-new-kindle-ban-dac-biet-8gb-hang-nhap-khau-p66773643.html?src=category-page-1789.28856&2hi=0,https://salt.tikicdn.com/cache/280x280/ts/product/73/55/1f/6d41ff1a98006a065967f02b3f84f530.jpg,3190000,-16%,No,Yes,2020-10-03 15:14:46
61,Máy Đọc Sách Kindle Paperwhite 2018 (7th) - 4Gb - Refurbished - Hàng nhập khẩu,18,68706975,2086099562184,2379000,67216147,Amazon,Điện Thoại - Máy Tính Bảng/Máy đọc sách,/may-doc-sach-kindle-paperwhite-2018-7th-4gb-refurbished-hang-nhap-khau-p67216147.html?src=category-page-1789.28856&2hi=0,https://salt.tikicdn.com/cache/280x280/ts/product/2d/7d/30/cdf1ccb7bc52244de533816758653f70.png,2990000,-20%,No,Yes,2020-10-03 15:14:46
62,Máy Đọc Sách Likebook Muses - Hàng chính hãng,18,24456740,9630669122051,6590000,24456739,Likebook,Điện Thoại - Máy Tính Bảng/Máy đọc sách,/may-doc-sach-likebook-muses-hang-chinh-hang-p24456739.html?src=category-page-1789.28856&2hi=0,https://salt.tikicdn.com/cache/280x280/ts/product/b8/74/ea/8310395323b31b27c400f0154fa2f742.jpg,8000000,-18%,No,Yes,2020-10-03 15:14:46
63,Máy Đọc Sách Boox Note Plus (Note+) - Hàng Nhập Khẩu,18,8274319,4593212841753,13490000,8274317,BOOX,Điện Thoại - Máy Tính Bảng/Máy đọc sách,/may-doc-sach-boox-note-plus-note-hang-nhap-khau-p8274317.html?src=category-page-1789.28856&2hi=0,https://salt.tikicdn.com/cache/280x280/ts/product/ff/2f/d9/9d73a790bcaefad6805b6c7e6dc87a3c.jpg,13490000,0%,No,Yes,2020-10-03 15:14:46
64,Máy đọc sách All-new Kindle Kids Edition - Hàng nhập khẩu,18,67081294,9402697915017,2645000,67081292,Amazon,Điện Thoại - Máy Tính Bảng/Máy đọc sách,/may-doc-sach-all-new-kindle-kids-edition-hang-nhap-khau-p67081292.html?src=category-page-1789.28856&2hi=0,https://salt.tikicdn.com/cache/280x280/ts/product/41/ee/16/8e4c146ced03b4690be3bc267f1d0efc.jpg,3590000,-26%,No,Yes,2020-10-03 15:14:46
65,Máy Đọc Sách Kobo Forma - Bản 32GB - Hàng Nhập Khẩu,18,20701414,9189744612661,8686000,7958004,Kobo,Điện Thoại - Máy Tính Bảng/Máy đọc sách,/may-doc-sach-kobo-forma-ban-32gb-hang-nhap-khau-p7958004.html?src=category-page-1789.28856&2hi=0,https://salt.tikicdn.com/cache/280x280/ts/product/a2/70/98/f0051f019342163bac8e1fbb07d6312c.jpg,8990000,-3%,No,Yes,2020-10-03 15:14:46
66,Máy Đọc Sách Likebook Mimas - Hàng chính hãng,18,24508288,4522410201021,9490000,24508287,Likebook,Điện Thoại - Máy Tính Bảng/Máy đọc sách,/may-doc-sach-likebook-mimas-hang-chinh-hang-p24508287.html?src=category-page-1789.28856&2hi=0,https://salt.tikicdn.com/cache/280x280/ts/product/3e/6a/01/15cbcaa8454df82a81ea190abd9d1f39.jpg,12000000,-21%,No,Yes,2020-10-03 15:14:46
